Counterparty ID,Netting Set ID,AddOn Exposure,Multiplier,PFE,RC,EAD,Risk Weight,RWA
ABC123,1101,402297935.65699375,1.0,402297935.65699375,8500652.24,575118023.0557913,1.0,575118023.0557913
ABC345,1101,1329656.1287396457,1.0,1329656.1287396457,0.0,1861518.5802355038,1.0,1861518.5802355038
DEF123,1103,97248570.63491213,1.0,97248570.63491213,0.0,136147998.88887697,1.0,136147998.88887697
XYZ200,1102,2090196.3599999999,1.0,2090196.3599999999,0.0,2926274.9039999996,1.0,2926274.9039999996
XYZ789,1102,185801640.5,1.0,185801640.5,0.0,260122296.7,1.0,260122296.7
