Counterparty ID,PFE,RC,EAD,RWA
ABC123,402297935.65699375,8500652.24,575118023.0557913,575118023.0557913
ABC345,1329656.1287396457,0.0,1861518.5802355038,1861518.5802355038
DEF123,97248570.63491213,0.0,136147998.88887697,136147998.88887697
XYZ200,2090196.3599999999,0.0,2926274.9039999996,2926274.9039999996
XYZ789,185801640.5,0.0,260122296.7,260122296.7
