Asset Class,AddOn Exposure
Commodity,121648031.99524947
Credit,5011723.8887396455
Equity,557594289.2903239
FX,0.0
Interest Rate,4513954.106332556
